Workbook

Sheet README
A1: PortPulse 수출데이터 입력 템플릿 + 목업
A4: 항목 | B4: 안내
A5: 목적 | B5: 부산 수출 중소기업의 선적계획·포워더 견적·실적을 같은 스키마로 검증하는 데모용 파일
A6: 데이터 구분 | B6: 기업·선적·견적·과거실적은 SYNTHETIC, 시장스냅샷은 MARKET_OBSERVED로 표시
A7: 중요 | B7: 실제 회사명·사업자번호·바이어 개인정보를 넣지 않았으며 실거래·통관에 사용할 수 없음
A8: 입력 순서 | B8: 기업설정 → 선적계획 → 견적헤더 → 견적비용. 과거선적은 선택
A9: 직접 비교 | B9: 부산발 40ft Dry FCL + SELLER 부킹 + KCCI 항로 매핑 + 비교 가능한 Charge Line일 때만 DIRECT
A10: 제한 | B10: 20ft·LCL·Reefer·DG·OOG·BUYER 부킹은 KCCI 절대금액 비교를 하지 않음
A11: 견적 총액 | B11: 견적헤더의 header_total과 견적비용의 line_total 합계가 일치해야 함
A12: 날짜 | B12: cargo_ready_date ≤ ETD 가능창, quoted_at ≤ valid_until, planned_etd < planned_eta
A13: 업로드 | B13: 파생·검증 열은 서비스가 다시 계산하며 사용자는 원본 입력 열만 수정
A15: 주요 공식 근거 | B15: URL | C15: 기준 | D15: 비고
A16: 수출신고서 작성요령 | B16: https://www.law.go.kr/LSW/flDownload.do?bylClsCd=200201&flNm=%5B%EB%B3%84%ED%91%9C%5D+%EC%88%98%EC%B6%9C%EC%8B%A0%EA%B3%A0%EC%84%9C+%EC%9E%91%EC%84%B1%EC%9A%94%EB%A0%B9&flSeq=139997973 | C16: 현행 관세 고시 | D16: Invoice·Packing List·수출신고 필드 근거
A17: KITA Packing List | B17: https://www.kita.net/board/format/formatDetail.do?postIndex=1863940 | C17: 무역실무 서식 | D17: 포장·수량·중량·용적 필드
A18: KOBC KCCI | B18: https://www.kobc.or.kr/ebz/shippinginfo/kcci/gridList.do?mId=0304000000 | C18: 2026-07-06 Snapshot | D18: 부산발 40ft Dry 주간 기준
A19: KCCI 데이터 설명 | B19: https://www.data.go.kr/data/15131881/fileData.do | C19: 공식 공공데이터 설명 | D19: 포함비용과 범위 확인
A20: UN/LOCODE | B20: https://unece.org/trade/cefact/UNLOCODE-Download | C20: 표준 항구 코드 | D20: POL/POD 코드
A21: DCSA Booking | B21: https://dcsa.org/standards/booking | C21: 산업 표준 | D21: Booking 데이터 구조 참고

Sheet 기업설정
A1: profile_ref | B1: data_provenance | C1: company_name | D1: default_currency | E1: default_pol_unlocode | F1: main_carriage_payer | G1: booking_controller | H1: risk_tolerance | I1: budget_warning_pct | J1: min_delivery_buffer_days | K1: timezone | L1: notification_channel | M1: quiet_hours | N1: notes
A2: COMP-MOCK-001 | B2: SYNTHETIC | C2: 부산정밀모빌리티(주) [가상] | D2: USD | E2: KRPUS | F2: SELLER | G2: SELLER | H2: BALANCED | I2: 0.1 | J2: 5 | K2: Asia/Seoul | L2: EMAIL | M2: 19:00-08:00 | N2: 가상의 자동차·산업기계 부품 수출 중소기업. 실제 기업이 아님.

Sheet 코드표
A1: INCOTERMS 2020 | B1: 일반적 main carriage payer | C1: 주의 | E1: equipment_size_type | F1: 직접 KCCI 비교 | H1: POD UN/LOCODE | I1: KCCI route | J1: Route | L1: charge_category | M1: KCCI 기본 비교 | O1: charge_basis | Q1: cost_scope | S1: cargo_profile | U1: load_type
A2: EXW | B2: BUYER | C2: 실제 계약 운영을 확인 | E2: 20GP | F2: N | H2: USLGB | I2: KUWI | J2: USWC | L2: OCEAN_BASE | M2: Y | O2: PER_SHIPMENT | Q2: OCEAN_COMPARABLE | S2: DRY | U2: FCL
A3: FCA | B3: BUYER | C3: 실제 계약 운영을 확인 | E3: 40GP | F3: Y | H3: USLAX | I3: KUWI | J3: USWC | L3: FUEL_SURCHARGE | M3: Y | O3: PER_BL | Q3: OCEAN_ALL_IN | S3: REEFER | U3: LCL
A4: FAS | B4: BUYER | C4: 해상 전용 | E4: 40HC | F4: Y | H4: USNYC | I4: KUEI | J4: USEC | L4: ORIGIN_LOCAL | M4: N | O4: PER_CONTAINER | Q4: ORIGIN_ONLY | S4: DG
A5: FOB | B5: BUYER | C5: 해상 전용·바이어 부킹이 일반적 | E5: 20RF | F5: N | H5: USSAV | I5: KUEI | J5: USEC | L5: DESTINATION_LOCAL | M5: N | O5: PER_TEU | Q5: ORIGIN_ALL_IN | S5: OOG
A6: CFR | B6: SELLER | C6: 해상 전용 | E6: 40RF | F6: N | H6: NLRTM | I6: KNEI | J6: Europe | L6: INLAND | M6: N | O6: PER_FEU | Q6: DOOR_TO_PORT
A7: CIF | B7: SELLER | C7: 해상 전용·보험 포함 | E7: LCL | F7: N | H7: DEHAM | I7: KNEI | J7: Europe | L7: CUSTOMS | M7: N | O7: PER_CBM | Q7: DOOR_TO_DOOR
A8: CPT | B8: SELLER | C8: 복합운송 가능 | E8: OOG | F8: N | H8: ESBCN | I8: KMDI | J8: Mediterranean | L8: INSURANCE | M8: N | O8: W_M
A9: CIP | B9: SELLER | C9: 복합운송·보험 포함 | E9: OTHER | F9: N | H9: AEAUH | I9: KMEI | J9: Middle East | L9: OTHER | M9: N | O9: PERCENT
A10: DAP | B10: SELLER | C10: 도착지 인도 | H10: SGSIN | I10: KSEI | J10: South East Asia
A11: DPU | B11: SELLER | C11: 양하 포함 | H11: JPTYO | I11: KJI | J11: Japan
A12: DDP | B12: SELLER | C12: 수입통관·관세 책임 주의 | H12: CNSHA | I12: KCI | J12: China
C13: Incoterms만으로 부킹 주체를 확정하지 말고 사용자에게 확인 | H13: AUMEL | I13: KAUI | J13: Australia
J14: 샘플 매핑. 운영은 공식 Route Definition으로 확장

Sheet 선적계획
A1: shipment_ref | B1: data_provenance | C1: cargo_ready_date | D1: etd_window_start | E1: etd_window_end | F1: required_delivery_date | G1: pol_unlocode | H1: pod_unlocode | I1: load_type | J1: equipment_size_type | K1: container_count | L1: package_count | M1: gross_weight_kg | N1: volume_cbm | O1: cargo_profile | P1: hs6 | Q1: trade_description | R1: incoterm_code | S1: incoterm_named_place | T1: incoterm_version | U1: main_carriage_payer | V1: booking_controller | W1: hard_deadline_yn | X1: max_shift_days | Y1: target_amount | Z1: target_currency | AA1: cost_scope | AB1: transshipment_allowed_yn | AC1: validation_result | AD1: validation_message | AE1: kcci_eligibility | AF1: kcci_route_code | AG1: notes
A2: SHP-2026-0001 | B2: SYNTHETIC | C2: 46223 | D2: 46228 | E2: 46232 | F2: 46261 | G2: KRPUS | H2: USLGB | I2: FCL | J2: 40HC | K2: 2 | M2: 32800 | O2: DRY | P2: 870899 | Q2: AUTOMOTIVE BRACKET | R2: CFR | S2: LONG BEACH PORT | T2: 2020 | U2: SELLER | V2: SELLER | W2: Y | X2: 2 | Y2: 14000 | Z2: USD | AA2: ORIGIN_ALL_IN | AB2: Y | AC2: =IF(OR(A2="",C2="",G2="",H2="",I2="",O2="",R2="",S2="",T2="",U2="",V2="",W2=""),"BLOCKING",IF(AND(I2="FCL",OR(J2="",K2<=0)),"BLOCKING",IF(AND(I2="LCL",OR(L2<=0,M2<=0,N2<=0)),"BLOCKING",IF(AND(E2<>"",C2>E2),"BLOCKING",IF(AE2<>"DIRECT","WARNING","OK"))))) -> OK | AD2: =IF(AC2="BLOCKING","필수값·물량·날짜 순서를 확인하세요.",IF(AE2="NO_CONTROL","수출자가 부킹을 통제하지 않아 직접 부킹 권고를 제한합니다.",IF(AE2="UNSUPPORTED","KCCI 직접 비교 범위 밖입니다. 예산·복수견적·마감 관리는 가능합니다.","검증 통과"))) -> 검증 통과 | AE2: =IF(V2<>"SELLER","NO_CONTROL",IF(AND(G2="KRPUS",I2="FCL",OR(J2="40GP",J2="40HC"),O2="DRY",AF2<>""),"DIRECT","UNSUPPORTED")) -> DIRECT | AF2: =IFERROR(VLOOKUP(H2,코드표!$H$2:$I$13,2,FALSE()),"") -> KUWI | AG2: KCCI 직접 비교 정상 사례
A3: SHP-2026-0002 | B3: SYNTHETIC | C3: 46226 | D3: 46231 | E3: 46236 | F3: 46270 | G3: KRPUS | H3: NLRTM | I3: FCL | J3: 40HC | K3: 1 | M3: 17600 | O3: DRY | P3: 848390 | Q3: GEAR HOUSING | R3: CIF | S3: ROTTERDAM PORT | T3: 2020 | U3: SELLER | V3: SELLER | W3: Y | X3: 2 | Y3: 5600 | Z3: USD | AA3: ORIGIN_ALL_IN | AB3: Y | AC3: =IF(OR(A3="",C3="",G3="",H3="",I3="",O3="",R3="",S3="",T3="",U3="",V3="",W3=""),"BLOCKING",IF(AND(I3="FCL",OR(J3="",K3<=0)),"BLOCKING",IF(AND(I3="LCL",OR(L3<=0,M3<=0,N3<=0)),"BLOCKING",IF(AND(E3<>"",C3>E3),"BLOCKING",IF(AE3<>"DIRECT","WARNING","OK"))))) -> OK | AD3: =IF(AC3="BLOCKING","필수값·물량·날짜 순서를 확인하세요.",IF(AE3="NO_CONTROL","수출자가 부킹을 통제하지 않아 직접 부킹 권고를 제한합니다.",IF(AE3="UNSUPPORTED","KCCI 직접 비교 범위 밖입니다. 예산·복수견적·마감 관리는 가능합니다.","검증 통과"))) -> 검증 통과 | AE3: =IF(V3<>"SELLER","NO_CONTROL",IF(AND(G3="KRPUS",I3="FCL",OR(J3="40GP",J3="40HC"),O3="DRY",AF3<>""),"DIRECT","UNSUPPORTED")) -> DIRECT | AF3: =IFERROR(VLOOKUP(H3,코드표!$H$2:$I$13,2,FALSE()),"") -> KNEI | AG3: 유럽 40ft Dry
A4: SHP-2026-0003 | B4: SYNTHETIC | C4: 46221 | D4: 46224 | E4: 46228 | F4: 46246 | G4: KRPUS | H4: SGSIN | I4: FCL | J4: 40GP | K4: 1 | M4: 12400 | O4: DRY | P4: 870899 | Q4: STEEL MOUNTING PART | R4: CPT | S4: SINGAPORE PORT | T4: 2020 | U4: SELLER | V4: SELLER | W4: N | X4: 2 | Y4: 1280 | Z4: USD | AA4: ORIGIN_ALL_IN | AB4: Y | AC4: =IF(OR(A4="",C4="",G4="",H4="",I4="",O4="",R4="",S4="",T4="",U4="",V4="",W4=""),"BLOCKING",IF(AND(I4="FCL",OR(J4="",K4<=0)),"BLOCKING",IF(AND(I4="LCL",OR(L4<=0,M4<=0,N4<=0)),"BLOCKING",IF(AND(E4<>"",C4>E4),"BLOCKING",IF(AE4<>"DIRECT","WARNING","OK"))))) -> OK | AD4: =IF(AC4="BLOCKING","필수값·물량·날짜 순서를 확인하세요.",IF(AE4="NO_CONTROL","수출자가 부킹을 통제하지 않아 직접 부킹 권고를 제한합니다.",IF(AE4="UNSUPPORTED","KCCI 직접 비교 범위 밖입니다. 예산·복수견적·마감 관리는 가능합니다.","검증 통과"))) -> 검증 통과 | AE4: =IF(V4<>"SELLER","NO_CONTROL",IF(AND(G4="KRPUS",I4="FCL",OR(J4="40GP",J4="40HC"),O4="DRY",AF4<>""),"DIRECT","UNSUPPORTED")) -> DIRECT | AF4: =IFERROR(VLOOKUP(H4,코드표!$H$2:$I$13,2,FALSE()),"") -> KSEI | AG4: 동남아 40ft Dry
A5: SHP-2026-0004 | B5: SYNTHETIC | C5: 46222 | D5: 46225 | E5: 46228 | F5: 46237 | G5: KRPUS | H5: JPTYO | I5: FCL | J5: 20GP | K5: 1 | M5: 7800 | O5: DRY | P5: 848390 | Q5: SMALL GEAR PART | R5: CFR | S5: TOKYO PORT | T5: 2020 | U5: SELLER | V5: SELLER | W5: N | X5: 1 | Y5: 620 | Z5: USD | AA5: ORIGIN_ALL_IN | AB5: Y | AC5: =IF(OR(A5="",C5="",G5="",H5="",I5="",O5="",R5="",S5="",T5="",U5="",V5="",W5=""),"BLOCKING",IF(AND(I5="FCL",OR(J5="",K5<=0)),"BLOCKING",IF(AND(I5="LCL",OR(L5<=0,M5<=0,N5<=0)),"BLOCKING",IF(AND(E5<>"",C5>E5),"BLOCKING",IF(AE5<>"DIRECT","WARNING","OK"))))) -> WARNING | AD5: =IF(AC5="BLOCKING","필수값·물량·날짜 순서를 확인하세요.",IF(AE5="NO_CONTROL","수출자가 부킹을 통제하지 않아 직접 부킹 권고를 제한합니다.",IF(AE5="UNSUPPORTED","KCCI 직접 비교 범위 밖입니다. 예산·복수견적·마감 관리는 가능합니다.","검증 통과"))) -> KCCI 직접 비교 범위 밖입니다. 예산·복수견적·마감 관리는 가능합니다. | AE5: =IF(V5<>"SELLER","NO_CONTROL",IF(AND(G5="KRPUS",I5="FCL",OR(J5="40GP",J5="40HC"),O5="DRY",AF5<>""),"DIRECT","UNSUPPORTED")) -> UNSUPPORTED | AF5: =IFERROR(VLOOKUP(H5,코드표!$H$2:$I$13,2,FALSE()),"") -> KJI | AG5: 20ft이므로 KCCI 절대금액 비교 제외
A6: SHP-2026-0005 | B6: SYNTHETIC | C6: 46229 | D6: 46233 | E6: 46238 | F6: 46273 | G6: KRPUS | H6: DEHAM | I6: FCL | J6: 40RF | K6: 1 | M6: 18500 | O6: REEFER | P6: 210690 | Q6: TEMPERATURE CONTROLLED FOOD ADDITIVE | R6: CIF | S6: HAMBURG PORT | T6: 2020 | U6: SELLER | V6: SELLER | W6: Y | X6: 1 | Y6: 8000 | Z6: USD | AA6: ORIGIN_ALL_IN | AB6: N | AC6: =IF(OR(A6="",C6="",G6="",H6="",I6="",O6="",R6="",S6="",T6="",U6="",V6="",W6=""),"BLOCKING",IF(AND(I6="FCL",OR(J6="",K6<=0)),"BLOCKING",IF(AND(I6="LCL",OR(L6<=0,M6<=0,N6<=0)),"BLOCKING",IF(AND(E6<>"",C6>E6),"BLOCKING",IF(AE6<>"DIRECT","WARNING","OK"))))) -> WARNING | AD6: =IF(AC6="BLOCKING","필수값·물량·날짜 순서를 확인하세요.",IF(AE6="NO_CONTROL","수출자가 부킹을 통제하지 않아 직접 부킹 권고를 제한합니다.",IF(AE6="UNSUPPORTED","KCCI 직접 비교 범위 밖입니다. 예산·복수견적·마감 관리는 가능합니다.","검증 통과"))) -> KCCI 직접 비교 범위 밖입니다. 예산·복수견적·마감 관리는 가능합니다. | AE6: =IF(V6<>"SELLER","NO_CONTROL",IF(AND(G6="KRPUS",I6="FCL",OR(J6="40GP",J6="40HC"),O6="DRY",AF6<>""),"DIRECT","UNSUPPORTED")) -> UNSUPPORTED | AF6: =IFERROR(VLOOKUP(H6,코드표!$H$2:$I$13,2,FALSE()),"") -> KNEI | AG6: Reefer 비교 제외·온도조건 별도 필요
A7: SHP-2026-0006 | B7: SYNTHETIC | C7: 46224 | D7: 46229 | E7: 46236 | F7: 46270 | G7: KRPUS | H7: USLGB | I7: LCL | J7: LCL | L7: 18 | M7: 4200 | N7: 9.6 | O7: DRY | P7: 848390 | Q7: MIXED MACHINERY PARTS | R7: CPT | S7: LONG BEACH CFS | T7: 2020 | U7: SELLER | V7: SELLER | W7: N | X7: 3 | Y7: 2200 | Z7: USD | AA7: ORIGIN_ALL_IN | AB7: Y | AC7: =IF(OR(A7="",C7="",G7="",H7="",I7="",O7="",R7="",S7="",T7="",U7="",V7="",W7=""),"BLOCKING",IF(AND(I7="FCL",OR(J7="",K7<=0)),"BLOCKING",IF(AND(I7="LCL",OR(L7<=0,M7<=0,N7<=0)),"BLOCKING",IF(AND(E7<>"",C7>E7),"BLOCKING",IF(AE7<>"DIRECT","WARNING","OK"))))) -> WARNING | AD7: =IF(AC7="BLOCKING","필수값·물량·날짜 순서를 확인하세요.",IF(AE7="NO_CONTROL","수출자가 부킹을 통제하지 않아 직접 부킹 권고를 제한합니다.",IF(AE7="UNSUPPORTED","KCCI 직접 비교 범위 밖입니다. 예산·복수견적·마감 관리는 가능합니다.","검증 통과"))) -> KCCI 직접 비교 범위 밖입니다. 예산·복수견적·마감 관리는 가능합니다. | AE7: =IF(V7<>"SELLER","NO_CONTROL",IF(AND(G7="KRPUS",I7="FCL",OR(J7="40GP",J7="40HC"),O7="DRY",AF7<>""),"DIRECT","UNSUPPORTED")) -> UNSUPPORTED | AF7: =IFERROR(VLOOKUP(H7,코드표!$H$2:$I$13,2,FALSE()),"") -> KUWI | AG7: LCL은 CBM/W_M 기준·KCCI 직접 비교 제외
A8: SHP-2026-0007 | B8: SYNTHETIC | C8: 46227 | D8: 46233 | E8: 46239 | F8: 46280 | G8: KRPUS | H8: USNYC | I8: FCL | J8: 40HC | K8: 1 | M8: 16000 | O8: DRY | P8: 870899 | Q8: VEHICLE SUPPORT PART | R8: FOB | S8: BUSAN PORT | T8: 2020 | U8: BUYER | V8: BUYER | W8: Y | X8: 1 | Y8: 900 | Z8: USD | AA8: ORIGIN_ONLY | AB8: Y | AC8: =IF(OR(A8="",C8="",G8="",H8="",I8="",O8="",R8="",S8="",T8="",U8="",V8="",W8=""),"BLOCKING",IF(AND(I8="FCL",OR(J8="",K8<=0)),"BLOCKING",IF(AND(I8="LCL",OR(L8<=0,M8<=0,N8<=0)),"BLOCKING",IF(AND(E8<>"",C8>E8),"BLOCKING",IF(AE8<>"DIRECT","WARNING","OK"))))) -> WARNING | AD8: =IF(AC8="BLOCKING","필수값·물량·날짜 순서를 확인하세요.",IF(AE8="NO_CONTROL","수출자가 부킹을 통제하지 않아 직접 부킹 권고를 제한합니다.",IF(AE8="UNSUPPORTED","KCCI 직접 비교 범위 밖입니다. 예산·복수견적·마감 관리는 가능합니다.","검증 통과"))) -> 수출자가 부킹을 통제하지 않아 직접 부킹 권고를 제한합니다. | AE8: =IF(V8<>"SELLER","NO_CONTROL",IF(AND(G8="KRPUS",I8="FCL",OR(J8="40GP",J8="40HC"),O8="DRY",AF8<>""),"DIRECT","UNSUPPORTED")) -> NO_CONTROL | AF8: =IFERROR(VLOOKUP(H8,코드표!$H$2:$I$13,2,FALSE()),"") -> KUEI | AG8: 바이어 부킹이므로 직접 부킹 권고 금지
A9: SHP-2026-0008 | B9: SYNTHETIC | C9: 46228 | D9: 46232 | E9: 46237 | F9: 46275 | G9: KRPUS | H9: AEAUH | I9: FCL | J9: 40HC | K9: 1 | M9: 16900 | O9: DRY | P9: 848390 | Q9: INDUSTRIAL DRIVE PART | R9: DAP | S9: ABU DHABI WAREHOUSE | T9: 2020 | U9: SELLER | V9: SELLER | W9: Y | X9: 1 | Y9: 8200 | Z9: USD | AA9: DOOR_TO_DOOR | AB9: Y | AC9: =IF(OR(A9="",C9="",G9="",H9="",I9="",O9="",R9="",S9="",T9="",U9="",V9="",W9=""),"BLOCKING",IF(AND(I9="FCL",OR(J9="",K9<=0)),"BLOCKING",IF(AND(I9="LCL",OR(L9<=0,M9<=0,N9<=0)),"BLOCKING",IF(AND(E9<>"",C9>E9),"BLOCKING",IF(AE9<>"DIRECT","WARNING","OK"))))) -> OK | AD9: =IF(AC9="BLOCKING","필수값·물량·날짜 순서를 확인하세요.",IF(AE9="NO_CONTROL","수출자가 부킹을 통제하지 않아 직접 부킹 권고를 제한합니다.",IF(AE9="UNSUPPORTED","KCCI 직접 비교 범위 밖입니다. 예산·복수견적·마감 관리는 가능합니다.","검증 통과"))) -> 검증 통과 | AE9: =IF(V9<>"SELLER","NO_CONTROL",IF(AND(G9="KRPUS",I9="FCL",OR(J9="40GP",J9="40HC"),O9="DRY",AF9<>""),"DIRECT","UNSUPPORTED")) -> DIRECT | AF9: =IFERROR(VLOOKUP(H9,코드표!$H$2:$I$13,2,FALSE()),"") -> KMEI | AG9: Door 견적 중 해상비만 KCCI와 비교

Sheet 견적비용
A1: quote_ref | B1: line_no | C1: data_provenance | D1: charge_code | E1: charge_name | F1: category | G1: amount | H1: currency | I1: basis | J1: quantity | K1: prepaid_collect | L1: kcci_comparable_yn | M1: line_total | N1: notes | O1: validation_result
A2: Q-0001-A | B2: 1 | C2: SYNTHETIC | D2: OFT | E2: Ocean Freight | F2: OCEAN_BASE | G2: 6200 | H2: USD | I2: PER_CONTAINER | J2: 2 | K2: PREPAID | L2: Y | M2: =G2*J2 -> 12400 | O2: =IF(OR(A2="",D2="",F2="",G2="",H2="",I2="",J2="",K2="",L2=""),"BLOCKING",IF(OR(G2<0,J2<=0),"BLOCKING","OK")) -> OK
A3: Q-0001-A | B3: 2 | C3: SYNTHETIC | D3: BAF | E3: Bunker Adjustment Factor | F3: FUEL_SURCHARGE | G3: 420 | H3: USD | I3: PER_CONTAINER | J3: 2 | K3: PREPAID | L3: Y | M3: =G3*J3 -> 840 | O3: =IF(OR(A3="",D3="",F3="",G3="",H3="",I3="",J3="",K3="",L3=""),"BLOCKING",IF(OR(G3<0,J3<=0),"BLOCKING","OK")) -> OK
A4: Q-0001-A | B4: 3 | C4: SYNTHETIC | D4: LSS | E4: Low Sulphur Surcharge | F4: FUEL_SURCHARGE | G4: 110 | H4: USD | I4: PER_CONTAINER | J4: 2 | K4: PREPAID | L4: Y | M4: =G4*J4 -> 220 | O4: =IF(OR(A4="",D4="",F4="",G4="",H4="",I4="",J4="",K4="",L4=""),"BLOCKING",IF(OR(G4<0,J4<=0),"BLOCKING","OK")) -> OK
A5: Q-0001-A | B5: 4 | C5: SYNTHETIC | D5: THC | E5: Origin THC | F5: ORIGIN_LOCAL | G5: 180 | H5: USD | I5: PER_CONTAINER | J5: 2 | K5: PREPAID | L5: N | M5: =G5*J5 -> 360 | O5: =IF(OR(A5="",D5="",F5="",G5="",H5="",I5="",J5="",K5="",L5=""),"BLOCKING",IF(OR(G5<0,J5<=0),"BLOCKING","OK")) -> OK
A6: Q-0001-A | B6: 5 | C6: SYNTHETIC | D6: DOC | E6: Documentation Fee | F6: ORIGIN_LOCAL | G6: 80 | H6: USD | I6: PER_BL | J6: 1 | K6: PREPAID | L6: N | M6: =G6*J6 -> 80 | O6: =IF(OR(A6="",D6="",F6="",G6="",H6="",I6="",J6="",K6="",L6=""),"BLOCKING",IF(OR(G6<0,J6<=0),"BLOCKING","OK")) -> OK
A7: Q-0001-B | B7: 1 | C7: SYNTHETIC | D7: OFT | E7: Ocean Freight | F7: OCEAN_BASE | G7: 6500 | H7: USD | I7: PER_CONTAINER | J7: 2 | K7: PREPAID | L7: Y | M7: =G7*J7 -> 13000 | O7: =IF(OR(A7="",D7="",F7="",G7="",H7="",I7="",J7="",K7="",L7=""),"BLOCKING",IF(OR(G7<0,J7<=0),"BLOCKING","OK")) -> OK
A8: Q-0001-B | B8: 2 | C8: SYNTHETIC | D8: BAF | E8: Bunker Adjustment Factor | F8: FUEL_SURCHARGE | G8: 420 | H8: USD | I8: PER_CONTAINER | J8: 2 | K8: PREPAID | L8: Y | M8: =G8*J8 -> 840 | O8: =IF(OR(A8="",D8="",F8="",G8="",H8="",I8="",J8="",K8="",L8=""),"BLOCKING",IF(OR(G8<0,J8<=0),"BLOCKING","OK")) -> OK
A9: Q-0001-B | B9: 3 | C9: SYNTHETIC | D9: LSS | E9: Low Sulphur Surcharge | F9: FUEL_SURCHARGE | G9: 110 | H9: USD | I9: PER_CONTAINER | J9: 2 | K9: PREPAID | L9: Y | M9: =G9*J9 -> 220 | O9: =IF(OR(A9="",D9="",F9="",G9="",H9="",I9="",J9="",K9="",L9=""),"BLOCKING",IF(OR(G9<0,J9<=0),"BLOCKING","OK")) -> OK
A10: Q-0001-B | B10: 4 | C10: SYNTHETIC | D10: THC | E10: Origin THC | F10: ORIGIN_LOCAL | G10: 170 | H10: USD | I10: PER_CONTAINER | J10: 2 | K10: PREPAID | L10: N | M10: =G10*J10 -> 340 | O10: =IF(OR(A10="",D10="",F10="",G10="",H10="",I10="",J10="",K10="",L10=""),"BLOCKING",IF(OR(G10<0,J10<=0),"BLOCKING","OK")) -> OK
A11: Q-0001-B | B11: 5 | C11: SYNTHETIC | D11: DOC | E11: Documentation Fee | F11: ORIGIN_LOCAL | G11: 70 | H11: USD | I11: PER_BL | J11: 1 | K11: PREPAID | L11: N | M11: =G11*J11 -> 70 | O11: =IF(OR(A11="",D11="",F11="",G11="",H11="",I11="",J11="",K11="",L11=""),"BLOCKING",IF(OR(G11<0,J11<=0),"BLOCKING","OK")) -> OK
A12: Q-0002-A | B12: 1 | C12: SYNTHETIC | D12: OFT | E12: Ocean Freight | F12: OCEAN_BASE | G12: 4800 | H12: USD | I12: PER_CONTAINER | J12: 1 | K12: PREPAID | L12: Y | M12: =G12*J12 -> 4800 | O12: =IF(OR(A12="",D12="",F12="",G12="",H12="",I12="",J12="",K12="",L12=""),"BLOCKING",IF(OR(G12<0,J12<=0),"BLOCKING","OK")) -> OK
A13: Q-0002-A | B13: 2 | C13: SYNTHETIC | D13: BAF | E13: Bunker Adjustment Factor | F13: FUEL_SURCHARGE | G13: 350 | H13: USD | I13: PER_CONTAINER | J13: 1 | K13: PREPAID | L13: Y | M13: =G13*J13 -> 350 | O13: =IF(OR(A13="",D13="",F13="",G13="",H13="",I13="",J13="",K13="",L13=""),"BLOCKING",IF(OR(G13<0,J13<=0),"BLOCKING","OK")) -> OK
... A33: Q-0003-B | B33: 5 | C33: SYNTHETIC | D33: DOC | E33: Documentation Fee | F33: ORIGIN_LOCAL | G33: 60 | H33: USD | I33: PER_BL | J33: 1 | K33: PREPAID | L33: N | M33: =G33*J33 -> 60 | O33: =IF(OR(A33="",D33="",F33="",G33="",H33="",I33="",J33="",K33="",L33=""),"BLOCKING",IF(OR(G33<0,J33<=0),"BLOCKING","OK")) -> OK
A34: Q-0004-A | B34: 1 | C34: SYNTHETIC | D34: OFT | E34: Ocean Freight | F34: OCEAN_BASE | G34: 250 | H34: USD | I34: PER_CONTAINER | J34: 1 | K34: PREPAID | L34: N | M34: =G34*J34 -> 250 | N34: 20ft이므로 KCCI 비교 제외 | O34: =IF(OR(A34="",D34="",F34="",G34="",H34="",I34="",J34="",K34="",L34=""),"BLOCKING",IF(OR(G34<0,J34<=0),"BLOCKING","OK")) -> OK
A35: Q-0004-A | B35: 2 | C35: SYNTHETIC | D35: BAF | E35: Bunker Adjustment Factor | F35: FUEL_SURCHARGE | G35: 80 | H35: USD | I35: PER_CONTAINER | J35: 1 | K35: PREPAID | L35: N | M35: =G35*J35 -> 80 | O35: =IF(OR(A35="",D35="",F35="",G35="",H35="",I35="",J35="",K35="",L35=""),"BLOCKING",IF(OR(G35<0,J35<=0),"BLOCKING","OK")) -> OK
A36: Q-0004-A | B36: 3 | C36: SYNTHETIC | D36: LSS | E36: Low Sulphur Surcharge | F36: FUEL_SURCHARGE | G36: 20 | H36: USD | I36: PER_CONTAINER | J36: 1 | K36: PREPAID | L36: N | M36: =G36*J36 -> 20 | O36: =IF(OR(A36="",D36="",F36="",G36="",H36="",I36="",J36="",K36="",L36=""),"BLOCKING",IF(OR(G36<0,J36<=0),"BLOCKING","OK")) -> OK
A37: Q-0004-A | B37: 4 | C37: SYNTHETIC | D37: THC | E37: Origin THC | F37: ORIGIN_LOCAL | G37: 170 | H37: USD | I37: PER_CONTAINER | J37: 1 | K37: PREPAID | L37: N | M37: =G37*J37 -> 170 | O37: =IF(OR(A37="",D37="",F37="",G37="",H37="",I37="",J37="",K37="",L37=""),"BLOCKING",IF(OR(G37<0,J37<=0),"BLOCKING","OK")) -> OK
A38: Q-0004-A | B38: 5 | C38: SYNTHETIC | D38: DOC | E38: Documentation Fee | F38: ORIGIN_LOCAL | G38: 80 | H38: USD | I38: PER_BL | J38: 1 | K38: PREPAID | L38: N | M38: =G38*J38 -> 80 | O38: =IF(OR(A38="",D38="",F38="",G38="",H38="",I38="",J38="",K38="",L38=""),"BLOCKING",IF(OR(G38<0,J38<=0),"BLOCKING","OK")) -> OK
A39: Q-0005-A | B39: 1 | C39: SYNTHETIC | D39: OFT | E39: Ocean Freight | F39: OCEAN_BASE | G39: 6500 | H39: USD | I39: PER_CONTAINER | J39: 1 | K39: PREPAID | L39: N | M39: =G39*J39 -> 6500 | N39: Reefer 비교 제외 | O39: =IF(OR(A39="",D39="",F39="",G39="",H39="",I39="",J39="",K39="",L39=""),"BLOCKING",IF(OR(G39<0,J39<=0),"BLOCKING","OK")) -> OK
A40: Q-0005-A | B40: 2 | C40: SYNTHETIC | D40: RFR | E40: Reefer Surcharge | F40: OTHER | G40: 900 | H40: USD | I40: PER_CONTAINER | J40: 1 | K40: PREPAID | L40: N | M40: =G40*J40 -> 900 | O40: =IF(OR(A40="",D40="",F40="",G40="",H40="",I40="",J40="",K40="",L40=""),"BLOCKING",IF(OR(G40<0,J40<=0),"BLOCKING","OK")) -> OK
A41: Q-0005-A | B41: 3 | C41: SYNTHETIC | D41: BAF | E41: Bunker Adjustment Factor | F41: FUEL_SURCHARGE | G41: 400 | H41: USD | I41: PER_CONTAINER | J41: 1 | K41: PREPAID | L41: N | M41: =G41*J41 -> 400 | O41: =IF(OR(A41="",D41="",F41="",G41="",H41="",I41="",J41="",K41="",L41=""),"BLOCKING",IF(OR(G41<0,J41<=0),"BLOCKING","OK")) -> OK
A42: Q-0005-A | B42: 4 | C42: SYNTHETIC | D42: LSS | E42: Low Sulphur Surcharge | F42: FUEL_SURCHARGE | G42: 100 | H42: USD | I42: PER_CONTAINER | J42: 1 | K42: PREPAID | L42: N | M42: =G42*J42 -> 100 | O42: =IF(OR(A42="",D42="",F42="",G42="",H42="",I42="",J42="",K42="",L42=""),"BLOCKING",IF(OR(G42<0,J42<=0),"BLOCKING","OK")) -> OK
A43: Q-0005-A | B43: 5 | C43: SYNTHETIC | D43: THC | E43: Origin THC | F43: ORIGIN_LOCAL | G43: 250 | H43: USD | I43: PER_CONTAINER | J43: 1 | K43: PREPAID | L43: N | M43: =G43*J43 -> 250 | O43: =IF(OR(A43="",D43="",F43="",G43="",H43="",I43="",J43="",K43="",L43=""),"BLOCKING",IF(OR(G43<0,J43<=0),"BLOCKING","OK")) -> OK
A44: Q-0005-A | B44: 6 | C44: SYNTHETIC | D44: DOC | E44: Documentation Fee | F44: ORIGIN_LOCAL | G44: 80 | H44: USD | I44: PER_BL | J44: 1 | K44: PREPAID | L44: N | M44: =G44*J44 -> 80 | O44: =IF(OR(A44="",D44="",F44="",G44="",H44="",I44="",J44="",K44="",L44=""),"BLOCKING",IF(OR(G44<0,J44<=0),"BLOCKING","OK")) -> OK
A45: Q-0006-A | B45: 1 | C45: SYNTHETIC | D45: LCL | E45: LCL Ocean Freight | F45: OCEAN_BASE | G45: 180 | H45: USD | I45: PER_CBM | J45: 9.6 | K45: PREPAID | L45: N | M45: =G45*J45 -> 1728 | N45: LCL 비교 제외 | O45: =IF(OR(A45="",D45="",F45="",G45="",H45="",I45="",J45="",K45="",L45=""),"BLOCKING",IF(OR(G45<0,J45<=0),"BLOCKING","OK")) -> OK
A46: Q-0006-A | B46: 2 | C46: SYNTHETIC | D46: CFS | E46: Origin CFS Charge | F46: ORIGIN_LOCAL | G46: 350 | H46: USD | I46: PER_SHIPMENT | J46: 1 | K46: PREPAID | L46: N | M46: =G46*J46 -> 350 | O46: =IF(OR(A46="",D46="",F46="",G46="",H46="",I46="",J46="",K46="",L46=""),"BLOCKING",IF(OR(G46<0,J46<=0),"BLOCKING","OK")) -> OK
A47: Q-0006-A | B47: 3 | C47: SYNTHETIC | D47: DOC | E47: Documentation Fee | F47: ORIGIN_LOCAL | G47: 80 | H47: USD | I47: PER_BL | J47: 1 | K47: PREPAID | L47: N | M47: =G47*J47 -> 80 | O47: =IF(OR(A47="",D47="",F47="",G47="",H47="",I47="",J47="",K47="",L47=""),"BLOCKING",IF(OR(G47<0,J47<=0),"BLOCKING","OK")) -> OK
A48: Q-0007-A | B48: 1 | C48: SYNTHETIC | D48: TRK | E48: Origin Trucking | F48: INLAND | G48: 600 | H48: USD | I48: PER_SHIPMENT | J48: 1 | K48: PREPAID | L48: N | M48: =G48*J48 -> 600 | O48: =IF(OR(A48="",D48="",F48="",G48="",H48="",I48="",J48="",K48="",L48=""),"BLOCKING",IF(OR(G48<0,J48<=0),"BLOCKING","OK")) -> OK
A49: Q-0007-A | B49: 2 | C49: SYNTHETIC | D49: THC | E49: Origin THC | F49: ORIGIN_LOCAL | G49: 170 | H49: USD | I49: PER_CONTAINER | J49: 1 | K49: PREPAID | L49: N | M49: =G49*J49 -> 170 | O49: =IF(OR(A49="",D49="",F49="",G49="",H49="",I49="",J49="",K49="",L49=""),"BLOCKING",IF(OR(G49<0,J49<=0),"BLOCKING","OK")) -> OK
A50: Q-0007-A | B50: 3 | C50: SYNTHETIC | D50: DOC | E50: Documentation Fee | F50: ORIGIN_LOCAL | G50: 80 | H50: USD | I50: PER_BL | J50: 1 | K50: PREPAID | L50: N | M50: =G50*J50 -> 80 | O50: =IF(OR(A50="",D50="",F50="",G50="",H50="",I50="",J50="",K50="",L50=""),"BLOCKING",IF(OR(G50<0,J50<=0),"BLOCKING","OK")) -> OK
A51: Q-0008-A | B51: 1 | C51: SYNTHETIC | D51: OFT | E51: Ocean Freight | F51: OCEAN_BASE | G51: 6500 | H51: USD | I51: PER_CONTAINER | J51: 1 | K51: PREPAID | L51: Y | M51: =G51*J51 -> 6500 | O51: =IF(OR(A51="",D51="",F51="",G51="",H51="",I51="",J51="",K51="",L51=""),"BLOCKING",IF(OR(G51<0,J51<=0),"BLOCKING","OK")) -> OK
A52: Q-0008-A | B52: 2 | C52: SYNTHETIC | D52: BAF | E52: Bunker Adjustment Factor | F52: FUEL_SURCHARGE | G52: 400 | H52: USD | I52: PER_CONTAINER | J52: 1 | K52: PREPAID | L52: Y | M52: =G52*J52 -> 400 | O52: =IF(OR(A52="",D52="",F52="",G52="",H52="",I52="",J52="",K52="",L52=""),"BLOCKING",IF(OR(G52<0,J52<=0),"BLOCKING","OK")) -> OK
A53: Q-0008-A | B53: 3 | C53: SYNTHETIC | D53: LSS | E53: Low Sulphur Surcharge | F53: FUEL_SURCHARGE | G53: 100 | H53: USD | I53: PER_CONTAINER | J53: 1 | K53: PREPAID | L53: Y | M53: =G53*J53 -> 100 | O53: =IF(OR(A53="",D53="",F53="",G53="",H53="",I53="",J53="",K53="",L53=""),"BLOCKING",IF(OR(G53<0,J53<=0),"BLOCKING","OK")) -> OK
A54: Q-0008-A | B54: 4 | C54: SYNTHETIC | D54: THC | E54: Origin THC | F54: ORIGIN_LOCAL | G54: 180 | H54: USD | I54: PER_CONTAINER | J54: 1 | K54: PREPAID | L54: N | M54: =G54*J54 -> 180 | O54: =IF(OR(A54="",D54="",F54="",G54="",H54="",I54="",J54="",K54="",L54=""),"BLOCKING",IF(OR(G54<0,J54<=0),"BLOCKING","OK")) -> OK
A55: Q-0008-A | B55: 5 | C55: SYNTHETIC | D55: DOC | E55: Documentation Fee | F55: ORIGIN_LOCAL | G55: 80 | H55: USD | I55: PER_BL | J55: 1 | K55: PREPAID | L55: N | M55: =G55*J55 -> 80 | O55: =IF(OR(A55="",D55="",F55="",G55="",H55="",I55="",J55="",K55="",L55=""),"BLOCKING",IF(OR(G55<0,J55<=0),"BLOCKING","OK")) -> OK
A56: Q-0008-A | B56: 6 | C56: SYNTHETIC | D56: INL | E56: Destination Inland | F56: INLAND | G56: 900 | H56: USD | I56: PER_SHIPMENT | J56: 1 | K56: PREPAID | L56: N | M56: =G56*J56 -> 900 | O56: =IF(OR(A56="",D56="",F56="",G56="",H56="",I56="",J56="",K56="",L56=""),"BLOCKING",IF(OR(G56<0,J56<=0),"BLOCKING","OK")) -> OK
A57: Q-0008-B | B57: 1 | C57: SYNTHETIC | D57: OFT | E57: Ocean Freight | F57: OCEAN_BASE | G57: 6700 | H57: USD | I57: PER_CONTAINER | J57: 1 | K57: PREPAID | L57: Y | M57: =G57*J57 -> 6700 | O57: =IF(OR(A57="",D57="",F57="",G57="",H57="",I57="",J57="",K57="",L57=""),"BLOCKING",IF(OR(G57<0,J57<=0),"BLOCKING","OK")) -> OK
... A62: Q-0008-B | B62: 6 | C62: SYNTHETIC | D62: INL | E62: Destination Inland | F62: INLAND | G62: 800 | H62: USD | I62: PER_SHIPMENT | J62: 1 | K62: PREPAID | L62: N | M62: =G62*J62 -> 800 | O62: =IF(OR(A62="",D62="",F62="",G62="",H62="",I62="",J62="",K62="",L62=""),"BLOCKING",IF(OR(G62<0,J62<=0),"BLOCKING","OK")) -> OK

Sheet 견적헤더
A1: quote_ref | B1: shipment_ref | C1: data_provenance | D1: quoted_at | E1: valid_until | F1: forwarder_name | G1: carrier_code | H1: carrier_name | I1: pol_unlocode | J1: pod_unlocode | K1: load_type | L1: equipment_size_type | M1: container_count | N1: planned_etd | O1: planned_eta | P1: transit_days | Q1: direct_yn | R1: transshipment_count | S1: header_total | T1: currency | U1: total_scope | V1: free_time_days | W1: charge_lines_total | X1: reconciliation_variance | Y1: kcci_comparable_total | Z1: kcci_route_code | AA1: kcci_snapshot_rate | AB1: kcci_variance_pct | AC1: budget_variance_pct | AD1: comparability | AE1: validation_result | AF1: validation_message | AG1: notes
A2: Q-0001-A | B2: SHP-2026-0001 | C2: SYNTHETIC | D2: 46213 | E2: 46218 | F2: 해동로지스 [가상] | G2: MCK1 | H2: MOK CARRIER 1 | I2: KRPUS | J2: USLGB | K2: FCL | L2: 40HC | M2: 2 | N2: 46230 | O2: 46249 | P2: =IF(OR(N2="",O2=""),"",O2-N2) -> 19 | Q2: Y | R2: 0 | S2: 13900 | T2: USD | U2: ORIGIN_ALL_IN | V2: 7 | W2: =SUMIF(견적비용!$A$2:$A$200,A2,견적비용!$M$2:$M$200) -> 13900 | X2: =W2-S2 -> 0 | Y2: =SUMIFS(견적비용!$M$2:$M$200,견적비용!$A$2:$A$200,A2,견적비용!$L$2:$L$200,"Y") -> 13460 | Z2: =IFERROR(VLOOKUP(B2,선적계획!$A$2:$AF$100,32,FALSE()),"") -> KUWI | AA2: =IFERROR(VLOOKUP(Z2,시장스냅샷!$E$2:$G$20,3,FALSE()),"") -> 6922 | AB2: =IF(IFERROR(VLOOKUP(B2,선적계획!$A$2:$AE$100,31,FALSE()),"")<>"DIRECT","",IFERROR((Y2/M2-AA2)/AA2,"")) -> -0.027737648 | AC2: =IF(U2<>IFERROR(VLOOKUP(B2,선적계획!$A$2:$AA$100,27,FALSE()),""),"",IFERROR((S2-VLOOKUP(B2,선적계획!$A$2:$Y$100,25,FALSE()))/VLOOKUP(B2,선적계획!$A$2:$Y$100,25,FALSE()),"")) -> -0.0071428571 | AD2: =IF(IFERROR(VLOOKUP(B2,선적계획!$A$2:$AE$100,31,FALSE()),"")="DIRECT",IF(Y2>0,"DIRECT","PARTIAL"),IF(IFERROR(VLOOKUP(B2,선적계획!$A$2:$AE$100,31,FALSE()),"")="NO_CONTROL","NO_CONTROL","UNSUPPORTED")) -> DIRECT | AE2: =IF(OR(A2="",B2="",D2="",E2="",F2="",I2="",J2="",S2="",T2="",U2="",W2=0),"BLOCKING",IF(ABS(X2)>0.01,"BLOCKING",IF(OR(E2<TODAY(),AD2<>"DIRECT"),"WARNING","OK"))) -> OK | AF2: =IF(AE2="BLOCKING","필수값 또는 견적 총액·비용라인 대사를 확인하세요.",IF(E2<TODAY(),"견적 유효기간이 만료되었습니다.",IF(AD2="NO_CONTROL","바이어 부킹 거래입니다.",IF(AD2="UNSUPPORTED","KCCI 직접 비교 대상이 아닙니다.","검증 통과")))) -> 검증 통과 | AG2: Space guarantee 미확인
A3: Q-0001-B | B3: SHP-2026-0001 | C3: SYNTHETIC | D3: 46214 | E3: 46219 | F3: 부산글로벌포워딩 [가상] | G3: MCK2 | H3: MOK CARRIER 2 | I3: KRPUS | J3: USLGB | K3: FCL | L3: 40HC | M3: 2 | N3: 46232 | O3: 46252 | P3: =IF(OR(N3="",O3=""),"",O3-N3) -> 20 | Q3: Y | R3: 0 | S3: 14470 | T3: USD | U3: ORIGIN_ALL_IN | V3: 10 | W3: =SUMIF(견적비용!$A$2:$A$200,A3,견적비용!$M$2:$M$200) -> 14470 | X3: =W3-S3 -> 0 | Y3: =SUMIFS(견적비용!$M$2:$M$200,견적비용!$A$2:$A$200,A3,견적비용!$L$2:$L$200,"Y") -> 14060 | Z3: =IFERROR(VLOOKUP(B3,선적계획!$A$2:$AF$100,32,FALSE()),"") -> KUWI | AA3: =IFERROR(VLOOKUP(Z3,시장스냅샷!$E$2:$G$20,3,FALSE()),"") -> 6922 | AB3: =IF(IFERROR(VLOOKUP(B3,선적계획!$A$2:$AE$100,31,FALSE()),"")<>"DIRECT","",IFERROR((Y3/M3-AA3)/AA3,"")) -> 0.015602427 | AC3: =IF(U3<>IFERROR(VLOOKUP(B3,선적계획!$A$2:$AA$100,27,FALSE()),""),"",IFERROR((S3-VLOOKUP(B3,선적계획!$A$2:$Y$100,25,FALSE()))/VLOOKUP(B3,선적계획!$A$2:$Y$100,25,FALSE()),"")) -> 0.033571429 | AD3: =IF(IFERROR(VLOOKUP(B3,선적계획!$A$2:$AE$100,31,FALSE()),"")="DIRECT",IF(Y3>0,"DIRECT","PARTIAL"),IF(IFERROR(VLOOKUP(B3,선적계획!$A$2:$AE$100,31,FALSE()),"")="NO_CONTROL","NO_CONTROL","UNSUPPORTED")) -> DIRECT | AE3: =IF(OR(A3="",B3="",D3="",E3="",F3="",I3="",J3="",S3="",T3="",U3="",W3=0),"BLOCKING",IF(ABS(X3)>0.01,"BLOCKING",IF(OR(E3<TODAY(),AD3<>"DIRECT"),"WARNING","OK"))) -> OK | AF3: =IF(AE3="BLOCKING","필수값 또는 견적 총액·비용라인 대사를 확인하세요.",IF(E3<TODAY(),"견적 유효기간이 만료되었습니다.",IF(AD3="NO_CONTROL","바이어 부킹 거래입니다.",IF(AD3="UNSUPPORTED","KCCI 직접 비교 대상이 아닙니다.","검증 통과")))) -> 검증 통과 | AG3: 유효기간이 하루 더 김
A4: Q-0002-A | B4: SHP-2026-0002 | C4: SYNTHETIC | D4: 46213 | E4: 46220 | F4: 해동로지스 [가상] | G4: MCK3 | H4: MOK CARRIER 3 | I4: KRPUS | J4: NLRTM | K4: FCL | L4: 40HC | M4: 1 | N4: 46234 | O4: 46263 | P4: =IF(OR(N4="",O4=""),"",O4-N4) -> 29 | Q4: Y | R4: 0 | S4: 5585 | T4: USD | U4: ORIGIN_ALL_IN | V4: 7 | W4: =SUMIF(견적비용!$A$2:$A$200,A4,견적비용!$M$2:$M$200) -> 5585 | X4: =W4-S4 -> 0 | Y4: =SUMIFS(견적비용!$M$2:$M$200,견적비용!$A$2:$A$200,A4,견적비용!$L$2:$L$200,"Y") -> 5250 | Z4: =IFERROR(VLOOKUP(B4,선적계획!$A$2:$AF$100,32,FALSE()),"") -> KNEI | AA4: =IFERROR(VLOOKUP(Z4,시장스냅샷!$E$2:$G$20,3,FALSE()),"") -> 5332 | AB4: =IF(IFERROR(VLOOKUP(B4,선적계획!$A$2:$AE$100,31,FALSE()),"")<>"DIRECT","",IFERROR((Y4/M4-AA4)/AA4,"")) -> -0.015378845 | AC4: =IF(U4<>IFERROR(VLOOKUP(B4,선적계획!$A$2:$AA$100,27,FALSE()),""),"",IFERROR((S4-VLOOKUP(B4,선적계획!$A$2:$Y$100,25,FALSE()))/VLOOKUP(B4,선적계획!$A$2:$Y$100,25,FALSE()),"")) -> -0.0026785714 | AD4: =IF(IFERROR(VLOOKUP(B4,선적계획!$A$2:$AE$100,31,FALSE()),"")="DIRECT",IF(Y4>0,"DIRECT","PARTIAL"),IF(IFERROR(VLOOKUP(B4,선적계획!$A$2:$AE$100,31,FALSE()),"")="NO_CONTROL","NO_CONTROL","UNSUPPORTED")) -> DIRECT | AE4: =IF(OR(A4="",B4="",D4="",E4="",F4="",I4="",J4="",S4="",T4="",U4="",W4=0),"BLOCKING",IF(ABS(X4)>0.01,"BLOCKING",IF(OR(E4<TODAY(),AD4<>"DIRECT"),"WARNING","OK"))) -> OK | AF4: =IF(AE4="BLOCKING","필수값 또는 견적 총액·비용라인 대사를 확인하세요.",IF(E4<TODAY(),"견적 유효기간이 만료되었습니다.",IF(AD4="NO_CONTROL","바이어 부킹 거래입니다.",IF(AD4="UNSUPPORTED","KCCI 직접 비교 대상이 아닙니다.","검증 통과")))) -> 검증 통과 | AG4: 보험료 포함
A5: Q-0002-B | B5: SHP-2026-0002 | C5: SYNTHETIC | D5: 46214 | E5: 46221 | F5: 동남해운대리점 [가상] | G5: MCK4 | H5: MOK CARRIER 4 | I5: KRPUS | J5: NLRTM | K5: FCL | L5: 40HC | M5: 1 | N5: 46236 | O5: 46267 | P5: =IF(OR(N5="",O5=""),"",O5-N5) -> 31 | Q5: Y | R5: 0 | S5: 5790 | T5: USD | U5: ORIGIN_ALL_IN | V5: 10 | W5: =SUMIF(견적비용!$A$2:$A$200,A5,견적비용!$M$2:$M$200) -> 5790 | X5: =W5-S5 -> 0 | Y5: =SUMIFS(견적비용!$M$2:$M$200,견적비용!$A$2:$A$200,A5,견적비용!$L$2:$L$200,"Y") -> 5470 | Z5: =IFERROR(VLOOKUP(B5,선적계획!$A$2:$AF$100,32,FALSE()),"") -> KNEI | AA5: =IFERROR(VLOOKUP(Z5,시장스냅샷!$E$2:$G$20,3,FALSE()),"") -> 5332 | AB5: =IF(IFERROR(VLOOKUP(B5,선적계획!$A$2:$AE$100,31,FALSE()),"")<>"DIRECT","",IFERROR((Y5/M5-AA5)/AA5,"")) -> 0.02588147 | AC5: =IF(U5<>IFERROR(VLOOKUP(B5,선적계획!$A$2:$AA$100,27,FALSE()),""),"",IFERROR((S5-VLOOKUP(B5,선적계획!$A$2:$Y$100,25,FALSE()))/VLOOKUP(B5,선적계획!$A$2:$Y$100,25,FALSE()),"")) -> 0.033928571 | AD5: =IF(IFERROR(VLOOKUP(B5,선적계획!$A$2:$AE$100,31,FALSE()),"")="DIRECT",IF(Y5>0,"DIRECT","PARTIAL"),IF(IFERROR(VLOOKUP(B5,선적계획!$A$2:$AE$100,31,FALSE()),"")="NO_CONTROL","NO_CONTROL","UNSUPPORTED")) -> DIRECT | AE5: =IF(OR(A5="",B5="",D5="",E5="",F5="",I5="",J5="",S5="",T5="",U5="",W5=0),"BLOCKING",IF(ABS(X5)>0.01,"BLOCKING",IF(OR(E5<TODAY(),AD5<>"DIRECT"),"WARNING","OK"))) -> OK | AF5: =IF(AE5="BLOCKING","필수값 또는 견적 총액·비용라인 대사를 확인하세요.",IF(E5<TODAY(),"견적 유효기간이 만료되었습니다.",IF(AD5="NO_CONTROL","바이어 부킹 거래입니다.",IF(AD5="UNSUPPORTED","KCCI 직접 비교 대상이 아닙니다.","검증 통과")))) -> 검증 통과 | AG5: 납기 버퍼가 작음
A6: Q-0003-A | B6: SHP-2026-0003 | C6: SYNTHETIC | D6: 46212 | E6: 46218 | F6: 부산글로벌포워딩 [가상] | G6: MCK5 | H6: MOK CARRIER 5 | I6: KRPUS | J6: SGSIN | K6: FCL | L6: 40GP | M6: 1 | N6: 46225 | O6: 46237 | P6: =IF(OR(N6="",O6=""),"",O6-N6) -> 12 | Q6: Y | R6: 0 | S6: 1260 | T6: USD | U6: ORIGIN_ALL_IN | V6: 7 | W6: =SUMIF(견적비용!$A$2:$A$200,A6,견적비용!$M$2:$M$200) -> 1260 | X6: =W6-S6 -> 0 | Y6: =SUMIFS(견적비용!$M$2:$M$200,견적비용!$A$2:$A$200,A6,견적비용!$L$2:$L$200,"Y") -> 1020 | Z6: =IFERROR(VLOOKUP(B6,선적계획!$A$2:$AF$100,32,FALSE()),"") -> KSEI | AA6: =IFERROR(VLOOKUP(Z6,시장스냅샷!$E$2:$G$20,3,FALSE()),"") -> 1125 | AB6: =IF(IFERROR(VLOOKUP(B6,선적계획!$A$2:$AE$100,31,FALSE()),"")<>"DIRECT","",IFERROR((Y6/M6-AA6)/AA6,"")) -> -0.093333333 | AC6: =IF(U6<>IFERROR(VLOOKUP(B6,선적계획!$A$2:$AA$100,27,FALSE()),""),"",IFERROR((S6-VLOOKUP(B6,선적계획!$A$2:$Y$100,25,FALSE()))/VLOOKUP(B6,선적계획!$A$2:$Y$100,25,FALSE()),"")) -> -0.015625 | AD6: =IF(IFERROR(VLOOKUP(B6,선적계획!$A$2:$AE$100,31,FALSE()),"")="DIRECT",IF(Y6>0,"DIRECT","PARTIAL"),IF(IFERROR(VLOOKUP(B6,선적계획!$A$2:$AE$100,31,FALSE()),"")="NO_CONTROL","NO_CONTROL","UNSUPPORTED")) -> DIRECT | AE6: =IF(OR(A6="",B6="",D6="",E6="",F6="",I6="",J6="",S6="",T6="",U6="",W6=0),"BLOCKING",IF(ABS(X6)>0.01,"BLOCKING",IF(OR(E6<TODAY(),AD6<>"DIRECT"),"WARNING","OK"))) -> OK | AF6: =IF(AE6="BLOCKING","필수값 또는 견적 총액·비용라인 대사를 확인하세요.",IF(E6<TODAY(),"견적 유효기간이 만료되었습니다.",IF(AD6="NO_CONTROL","바이어 부킹 거래입니다.",IF(AD6="UNSUPPORTED","KCCI 직접 비교 대상이 아닙니다.","검증 통과")))) -> 검증 통과 | AG6: 직항
A7: Q-0003-B | B7: SHP-2026-0003 | C7: SYNTHETIC | D7: 46213 | E7: 46219 | F7: 해동로지스 [가상] | G7: MCK6 | H7: MOK CARRIER 6 | I7: KRPUS | J7: SGSIN | K7: FCL | L7: 40GP | M7: 1 | N7: 46227 | O7: 46239 | P7: =IF(OR(N7="",O7=""),"",O7-N7) -> 12 | Q7: Y | R7: 0 | S7: 1310 | T7: USD | U7: ORIGIN_ALL_IN | V7: 7 | W7: =SUMIF(견적비용!$A$2:$A$200,A7,견적비용!$M$2:$M$200) -> 1310 | X7: =W7-S7 -> 0 | Y7: =SUMIFS(견적비용!$M$2:$M$200,견적비용!$A$2:$A$200,A7,견적비용!$L$2:$L$200,"Y") -> 1100 | Z7: =IFERROR(VLOOKUP(B7,선적계획!$A$2:$AF$100,32,FALSE()),"") -> KSEI | AA7: =IFERROR(VLOOKUP(Z7,시장스냅샷!$E$2:$G$20,3,FALSE()),"") -> 1125 | AB7: =IF(IFERROR(VLOOKUP(B7,선적계획!$A$2:$AE$100,31,FALSE()),"")<>"DIRECT","",IFERROR((Y7/M7-AA7)/AA7,"")) -> -0.022222222 | AC7: =IF(U7<>IFERROR(VLOOKUP(B7,선적계획!$A$2:$AA$100,27,FALSE()),""),"",IFERROR((S7-VLOOKUP(B7,선적계획!$A$2:$Y$100,25,FALSE()))/VLOOKUP(B7,선적계획!$A$2:$Y$100,25,FALSE()),"")) -> 0.0234375 | AD7: =IF(IFERROR(VLOOKUP(B7,선적계획!$A$2:$AE$100,31,FALSE()),"")="DIRECT",IF(Y7>0,"DIRECT","PARTIAL"),IF(IFERROR(VLOOKUP(B7,선적계획!$A$2:$AE$100,31,FALSE()),"")="NO_CONTROL","NO_CONTROL","UNSUPPORTED")) -> DIRECT | AE7: =IF(OR(A7="",B7="",D7="",E7="",F7="",I7="",J7="",S7="",T7="",U7="",W7=0),"BLOCKING",IF(ABS(X7)>0.01,"BLOCKING",IF(OR(E7<TODAY(),AD7<>"DIRECT"),"WARNING","OK"))) -> OK | AF7: =IF(AE7="BLOCKING","필수값 또는 견적 총액·비용라인 대사를 확인하세요.",IF(E7<TODAY(),"견적 유효기간이 만료되었습니다.",IF(AD7="NO_CONTROL","바이어 부킹 거래입니다.",IF(AD7="UNSUPPORTED","KCCI 직접 비교 대상이 아닙니다.","검증 통과")))) -> 검증 통과 | AG7: 후발 ETD
A8: Q-0004-A | B8: SHP-2026-0004 | C8: SYNTHETIC | D8: 46213 | E8: 46220 | F8: 동남해운대리점 [가상] | G8: MCK7 | H8: MOK CARRIER 7 | I8: KRPUS | J8: JPTYO | K8: FCL | L8: 20GP | M8: 1 | N8: 46226 | O8: 46230 | P8: =IF(OR(N8="",O8=""),"",O8-N8) -> 4 | Q8: Y | R8: 0 | S8: 600 | T8: USD | U8: ORIGIN_ALL_IN | V8: 5 | W8: =SUMIF(견적비용!$A$2:$A$200,A8,견적비용!$M$2:$M$200) -> 600 | X8: =W8-S8 -> 0 | Y8: =SUMIFS(견적비용!$M$2:$M$200,견적비용!$A$2:$A$200,A8,견적비용!$L$2:$L$200,"Y") -> 0 | Z8: =IFERROR(VLOOKUP(B8,선적계획!$A$2:$AF$100,32,FALSE()),"") -> KJI | AA8: =IFERROR(VLOOKUP(Z8,시장스냅샷!$E$2:$G$20,3,FALSE()),"") -> 239 | AB8: =IF(IFERROR(VLOOKUP(B8,선적계획!$A$2:$AE$100,31,FALSE()),"")<>"DIRECT","",IFERROR((Y8/M8-AA8)/AA8,"")) | AC8: =IF(U8<>IFERROR(VLOOKUP(B8,선적계획!$A$2:$AA$100,27,FALSE()),""),"",IFERROR((S8-VLOOKUP(B8,선적계획!$A$2:$Y$100,25,FALSE()))/VLOOKUP(B8,선적계획!$A$2:$Y$100,25,FALSE()),"")) -> -0.032258065 | AD8: =IF(IFERROR(VLOOKUP(B8,선적계획!$A$2:$AE$100,31,FALSE()),"")="DIRECT",IF(Y8>0,"DIRECT","PARTIAL"),IF(IFERROR(VLOOKUP(B8,선적계획!$A$2:$AE$100,31,FALSE()),"")="NO_CONTROL","NO_CONTROL","UNSUPPORTED")) -> UNSUPPORTED | AE8: =IF(OR(A8="",B8="",D8="",E8="",F8="",I8="",J8="",S8="",T8="",U8="",W8=0),"BLOCKING",IF(ABS(X8)>0.01,"BLOCKING",IF(OR(E8<TODAY(),AD8<>"DIRECT"),"WARNING","OK"))) -> WARNING | AF8: =IF(AE8="BLOCKING","필수값 또는 견적 총액·비용라인 대사를 확인하세요.",IF(E8<TODAY(),"견적 유효기간이 만료되었습니다.",IF(AD8="NO_CONTROL","바이어 부킹 거래입니다.",IF(AD8="UNSUPPORTED","KCCI 직접 비교 대상이 아닙니다.","검증 통과")))) -> KCCI 직접 비교 대상이 아닙니다. | AG8: 20ft 비교 제외
A9: Q-0005-A | B9: SHP-2026-0005 | C9: SYNTHETIC | D9: 46214 | E9: 46221 | F9: 콜드체인파트너 [가상] | G9: MCK8 | H9: MOK CARRIER 8 | I9: KRPUS | J9: DEHAM | K9: FCL | L9: 40RF | M9: 1 | N9: 46236 | O9: 46266 | P9: =IF(OR(N9="",O9=""),"",O9-N9) -> 30 | Q9: N | R9: 1 | S9: 8230 | T9: USD | U9: ORIGIN_ALL_IN | V9: 5 | W9: =SUMIF(견적비용!$A$2:$A$200,A9,견적비용!$M$2:$M$200) -> 8230 | X9: =W9-S9 -> 0 | Y9: =SUMIFS(견적비용!$M$2:$M$200,견적비용!$A$2:$A$200,A9,견적비용!$L$2:$L$200,"Y") -> 0 | Z9: =IFERROR(VLOOKUP(B9,선적계획!$A$2:$AF$100,32,FALSE()),"") -> KNEI | AA9: =IFERROR(VLOOKUP(Z9,시장스냅샷!$E$2:$G$20,3,FALSE()),"") -> 5332 | AB9: =IF(IFERROR(VLOOKUP(B9,선적계획!$A$2:$AE$100,31,FALSE()),"")<>"DIRECT","",IFERROR((Y9/M9-AA9)/AA9,"")) | AC9: =IF(U9<>IFERROR(VLOOKUP(B9,선적계획!$A$2:$AA$100,27,FALSE()),""),"",IFERROR((S9-VLOOKUP(B9,선적계획!$A$2:$Y$100,25,FALSE()))/VLOOKUP(B9,선적계획!$A$2:$Y$100,25,FALSE()),"")) -> 0.02875 | AD9: =IF(IFERROR(VLOOKUP(B9,선적계획!$A$2:$AE$100,31,FALSE()),"")="DIRECT",IF(Y9>0,"DIRECT","PARTIAL"),IF(IFERROR(VLOOKUP(B9,선적계획!$A$2:$AE$100,31,FALSE()),"")="NO_CONTROL","NO_CONTROL","UNSUPPORTED")) -> UNSUPPORTED | AE9: =IF(OR(A9="",B9="",D9="",E9="",F9="",I9="",J9="",S9="",T9="",U9="",W9=0),"BLOCKING",IF(ABS(X9)>0.01,"BLOCKING",IF(OR(E9<TODAY(),AD9<>"DIRECT"),"WARNING","OK"))) -> WARNING | AF9: =IF(AE9="BLOCKING","필수값 또는 견적 총액·비용라인 대사를 확인하세요.",IF(E9<TODAY(),"견적 유효기간이 만료되었습니다.",IF(AD9="NO_CONTROL","바이어 부킹 거래입니다.",IF(AD9="UNSUPPORTED","KCCI 직접 비교 대상이 아닙니다.","검증 통과")))) -> KCCI 직접 비교 대상이 아닙니다. | AG9: Reefer·환적
A10: Q-0006-A | B10: SHP-2026-0006 | C10: SYNTHETIC | D10: 46212 | E10: 46218 | F10: 부산LCL센터 [가상] | G10: MCK9 | H10: MOK CARRIER 9 | I10: KRPUS | J10: USLGB | K10: LCL | L10: LCL | N10: 46233 | O10: 46258 | P10: =IF(OR(N10="",O10=""),"",O10-N10) -> 25 | Q10: N | R10: 1 | S10: 2158 | T10: USD | U10: ORIGIN_ALL_IN | V10: 3 | W10: =SUMIF(견적비용!$A$2:$A$200,A10,견적비용!$M$2:$M$200) -> 2158 | X10: =W10-S10 -> 0 | Y10: =SUMIFS(견적비용!$M$2:$M$200,견적비용!$A$2:$A$200,A10,견적비용!$L$2:$L$200,"Y") -> 0 | Z10: =IFERROR(VLOOKUP(B10,선적계획!$A$2:$AF$100,32,FALSE()),"") -> KUWI | AA10: =IFERROR(VLOOKUP(Z10,시장스냅샷!$E$2:$G$20,3,FALSE()),"") -> 6922 | AB10: =IF(IFERROR(VLOOKUP(B10,선적계획!$A$2:$AE$100,31,FALSE()),"")<>"DIRECT","",IFERROR((Y10/M10-AA10)/AA10,"")) | AC10: =IF(U10<>IFERROR(VLOOKUP(B10,선적계획!$A$2:$AA$100,27,FALSE()),""),"",IFERROR((S10-VLOOKUP(B10,선적계획!$A$2:$Y$100,25,FALSE()))/VLOOKUP(B10,선적계획!$A$2:$Y$100,25,FALSE()),"")) -> -0.019090909 | AD10: =IF(IFERROR(VLOOKUP(B10,선적계획!$A$2:$AE$100,31,FALSE()),"")="DIRECT",IF(Y10>0,"DIRECT","PARTIAL"),IF(IFERROR(VLOOKUP(B10,선적계획!$A$2:$AE$100,31,FALSE()),"")="NO_CONTROL","NO_CONTROL","UNSUPPORTED")) -> UNSUPPORTED | AE10: =IF(OR(A10="",B10="",D10="",E10="",F10="",I10="",J10="",S10="",T10="",U10="",W10=0),"BLOCKING",IF(ABS(X10)>0.01,"BLOCKING",IF(OR(E10<TODAY(),AD10<>"DIRECT"),"WARNING","OK"))) -> WARNING | AF10: =IF(AE10="BLOCKING","필수값 또는 견적 총액·비용라인 대사를 확인하세요.",IF(E10<TODAY(),"견적 유효기간이 만료되었습니다.",IF(AD10="NO_CONTROL","바이어 부킹 거래입니다.",IF(AD10="UNSUPPORTED","KCCI 직접 비교 대상이 아닙니다.","검증 통과")))) -> KCCI 직접 비교 대상이 아닙니다. | AG10: 9.6 CBM 기준
A11: Q-0007-A | B11: SHP-2026-0007 | C11: SYNTHETIC | D11: 46213 | E11: 46221 | F11: 해동로지스 [가상] | G11: MCK1 | H11: MOK CARRIER 1 | I11: KRPUS | J11: USNYC | K11: FCL | L11: 40HC | M11: 1 | N11: 46237 | O11: 46274 | P11: =IF(OR(N11="",O11=""),"",O11-N11) -> 37 | Q11: N | R11: 1 | S11: 850 | T11: USD | U11: ORIGIN_ONLY | V11: 7 | W11: =SUMIF(견적비용!$A$2:$A$200,A11,견적비용!$M$2:$M$200) -> 850 | X11: =W11-S11 -> 0 | Y11: =SUMIFS(견적비용!$M$2:$M$200,견적비용!$A$2:$A$200,A11,견적비용!$L$2:$L$200,"Y") -> 0 | Z11: =IFERROR(VLOOKUP(B11,선적계획!$A$2:$AF$100,32,FALSE()),"") -> KUEI | AA11: =IFERROR(VLOOKUP(Z11,시장스냅샷!$E$2:$G$20,3,FALSE()),"") -> 8421 | AB11: =IF(IFERROR(VLOOKUP(B11,선적계획!$A$2:$AE$100,31,FALSE()),"")<>"DIRECT","",IFERROR((Y11/M11-AA11)/AA11,"")) | AC11: =IF(U11<>IFERROR(VLOOKUP(B11,선적계획!$A$2:$AA$100,27,FALSE()),""),"",IFERROR((S11-VLOOKUP(B11,선적계획!$A$2:$Y$100,25,FALSE()))/VLOOKUP(B11,선적계획!$A$2:$Y$100,25,FALSE()),"")) -> -0.055555556 | AD11: =IF(IFERROR(VLOOKUP(B11,선적계획!$A$2:$AE$100,31,FALSE()),"")="DIRECT",IF(Y11>0,"DIRECT","PARTIAL"),IF(IFERROR(VLOOKUP(B11,선적계획!$A$2:$AE$100,31,FALSE()),"")="NO_CONTROL","NO_CONTROL","UNSUPPORTED")) -> NO_CONTROL | AE11: =IF(OR(A11="",B11="",D11="",E11="",F11="",I11="",J11="",S11="",T11="",U11="",W11=0),"BLOCKING",IF(ABS(X11)>0.01,"BLOCKING",IF(OR(E11<TODAY(),AD11<>"DIRECT"),"WARNING","OK"))) -> WARNING | AF11: =IF(AE11="BLOCKING","필수값 또는 견적 총액·비용라인 대사를 확인하세요.",IF(E11<TODAY(),"견적 유효기간이 만료되었습니다.",IF(AD11="NO_CONTROL","바이어 부킹 거래입니다.",IF(AD11="UNSUPPORTED","KCCI 직접 비교 대상이 아닙니다.","검증 통과")))) -> 바이어 부킹 거래입니다. | AG11: FOB·바이어 부킹, 출발지 비용만
A12: Q-0008-A | B12: SHP-2026-0008 | C12: SYNTHETIC | D12: 46213 | E12: 46219 | F12: 중동로지스 [가상] | G12: MCK2 | H12: MOK CARRIER 2 | I12: KRPUS | J12: AEAUH | K12: FCL | L12: 40HC | M12: 1 | N12: 46235 | O12: 46260 | P12: =IF(OR(N12="",O12=""),"",O12-N12) -> 25 | Q12: Y | R12: 0 | S12: 8160 | T12: USD | U12: DOOR_TO_DOOR | V12: 7 | W12: =SUMIF(견적비용!$A$2:$A$200,A12,견적비용!$M$2:$M$200) -> 8160 | X12: =W12-S12 -> 0 | Y12: =SUMIFS(견적비용!$M$2:$M$200,견적비용!$A$2:$A$200,A12,견적비용!$L$2:$L$200,"Y") -> 7000 | Z12: =IFERROR(VLOOKUP(B12,선적계획!$A$2:$AF$100,32,FALSE()),"") -> KMEI | AA12: =IFERROR(VLOOKUP(Z12,시장스냅샷!$E$2:$G$20,3,FALSE()),"") -> 7164 | AB12: =IF(IFERROR(VLOOKUP(B12,선적계획!$A$2:$AE$100,31,FALSE()),"")<>"DIRECT","",IFERROR((Y12/M12-AA12)/AA12,"")) -> -0.022892239 | AC12: =IF(U12<>IFERROR(VLOOKUP(B12,선적계획!$A$2:$AA$100,27,FALSE()),""),"",IFERROR((S12-VLOOKUP(B12,선적계획!$A$2:$Y$100,25,FALSE()))/VLOOKUP(B12,선적계획!$A$2:$Y$100,25,FALSE()),"")) -> -0.0048780488 | AD12: =IF(IFERROR(VLOOKUP(B12,선적계획!$A$2:$AE$100,31,FALSE()),"")="DIRECT",IF(Y12>0,"DIRECT","PARTIAL"),IF(IFERROR(VLOOKUP(B12,선적계획!$A$2:$AE$100,31,FALSE()),"")="NO_CONTROL","NO_CONTROL","UNSUPPORTED")) -> DIRECT | AE12: =IF(OR(A12="",B12="",D12="",E12="",F12="",I12="",J12="",S12="",T12="",U12="",W12=0),"BLOCKING",IF(ABS(X12)>0.01,"BLOCKING",IF(OR(E12<TODAY(),AD12<>"DIRECT"),"WARNING","OK"))) -> OK | AF12: =IF(AE12="BLOCKING","필수값 또는 견적 총액·비용라인 대사를 확인하세요.",IF(E12<TODAY(),"견적 유효기간이 만료되었습니다.",IF(AD12="NO_CONTROL","바이어 부킹 거래입니다.",IF(AD12="UNSUPPORTED","KCCI 직접 비교 대상이 아닙니다.","검증 통과")))) -> 검증 통과 | AG12: Door 견적
A13: Q-0008-B | B13: SHP-2026-0008 | C13: SYNTHETIC | D13: 46214 | E13: 46220 | F13: 걸프포워딩 [가상] | G13: MCK3 | H13: MOK CARRIER 3 | I13: KRPUS | J13: AEAUH | K13: FCL | L13: 40HC | M13: 1 | N13: 46237 | O13: 46265 | P13: =IF(OR(N13="",O13=""),"",O13-N13) -> 28 | Q13: N | R13: 1 | S13: 8270 | T13: USD | U13: DOOR_TO_DOOR | V13: 5 | W13: =SUMIF(견적비용!$A$2:$A$200,A13,견적비용!$M$2:$M$200) -> 8270 | X13: =W13-S13 -> 0 | Y13: =SUMIFS(견적비용!$M$2:$M$200,견적비용!$A$2:$A$200,A13,견적비용!$L$2:$L$200,"Y") -> 7230 | Z13: =IFERROR(VLOOKUP(B13,선적계획!$A$2:$AF$100,32,FALSE()),"") -> KMEI | AA13: =IFERROR(VLOOKUP(Z13,시장스냅샷!$E$2:$G$20,3,FALSE()),"") -> 7164 | AB13: =IF(IFERROR(VLOOKUP(B13,선적계획!$A$2:$AE$100,31,FALSE()),"")<>"DIRECT","",IFERROR((Y13/M13-AA13)/AA13,"")) -> 0.0092127303 | AC13: =IF(U13<>IFERROR(VLOOKUP(B13,선적계획!$A$2:$AA$100,27,FALSE()),""),"",IFERROR((S13-VLOOKUP(B13,선적계획!$A$2:$Y$100,25,FALSE()))/VLOOKUP(B13,선적계획!$A$2:$Y$100,25,FALSE()),"")) -> 0.0085365854 | AD13: =IF(IFERROR(VLOOKUP(B13,선적계획!$A$2:$AE$100,31,FALSE()),"")="DIRECT",IF(Y13>0,"DIRECT","PARTIAL"),IF(IFERROR(VLOOKUP(B13,선적계획!$A$2:$AE$100,31,FALSE()),"")="NO_CONTROL","NO_CONTROL","UNSUPPORTED")) -> DIRECT | AE13: =IF(OR(A13="",B13="",D13="",E13="",F13="",I13="",J13="",S13="",T13="",U13="",W13=0),"BLOCKING",IF(ABS(X13)>0.01,"BLOCKING",IF(OR(E13<TODAY(),AD13<>"DIRECT"),"WARNING","OK"))) -> OK | AF13: =IF(AE13="BLOCKING","필수값 또는 견적 총액·비용라인 대사를 확인하세요.",IF(E13<TODAY(),"견적 유효기간이 만료되었습니다.",IF(AD13="NO_CONTROL","바이어 부킹 거래입니다.",IF(AD13="UNSUPPORTED","KCCI 직접 비교 대상이 아닙니다.","검증 통과")))) -> 검증 통과 | AG13: 환적 1회

Sheet 과거선적
A1: history_ref | B1: data_provenance | C1: pol_unlocode | D1: pod_unlocode | E1: equipment_size_type | F1: container_count | G1: cargo_profile | H1: incoterm_code | I1: booked_at | J1: planned_etd | K1: actual_departure | L1: planned_eta | M1: actual_arrival | N1: approved_quote_total | O1: actual_total | P1: currency | Q1: cost_scope | R1: arrival_delay_days | S1: actual_cost_variance_pct | T1: booking_no | U1: bl_no | V1: container_no | W1: hs6 | X1: notes
A2: HIST-2025-001 | B2: SYNTHETIC | C2: KRPUS | D2: USLGB | E2: 40HC | F2: 1 | G2: DRY | H2: CFR | I2: 45902 | J2: 45912 | K2: 45913 | L2: 45932 | M2: 45934 | N2: 4200 | O2: 4380 | P2: USD | Q2: ORIGIN_ALL_IN | R2: =IF(OR(L2="",M2=""),"",M2-L2) -> 2 | S2: =IFERROR((O2-N2)/N2,"") -> 0.042857143 | T2: BKG-MOCK-250901 | U2: MBL-MOCK-250901 | V2: MCKU0000010 | W2: 870899 | X2: 가상 과거 실적
A3: HIST-2025-002 | B3: SYNTHETIC | C3: KRPUS | D3: NLRTM | E3: 40HC | F3: 1 | G3: DRY | H3: CIF | I3: 45915 | J3: 45928 | K3: 45928 | L3: 45959 | M3: 45961 | N3: 3600 | O3: 3710 | P3: USD | Q3: ORIGIN_ALL_IN | R3: =IF(OR(L3="",M3=""),"",M3-L3) -> 2 | S3: =IFERROR((O3-N3)/N3,"") -> 0.030555556 | T3: BKG-MOCK-250902 | U3: MBL-MOCK-250902 | V3: MCKU0000026 | W3: 848390 | X3: 가상 과거 실적
A4: HIST-2025-003 | B4: SYNTHETIC | C4: KRPUS | D4: SGSIN | E4: 40GP | F4: 1 | G4: DRY | H4: CPT | I4: 45933 | J4: 45940 | K4: 45940 | L4: 45952 | M4: 45952 | N4: 1050 | O4: 1035 | P4: USD | Q4: ORIGIN_ALL_IN | R4: =IF(OR(L4="",M4=""),"",M4-L4) -> 0 | S4: =IFERROR((O4-N4)/N4,"") -> -0.014285714 | T4: BKG-MOCK-250903 | U4: MBL-MOCK-250903 | V4: MCKU0000031 | W4: 870899 | X4: 가상 과거 실적
A5: HIST-2025-004 | B5: SYNTHETIC | C5: KRPUS | D5: USLGB | E5: 40HC | F5: 2 | G5: DRY | H5: CFR | I5: 45966 | J5: 45978 | K5: 45980 | L5: 45999 | M5: 46003 | N5: 8650 | O5: 9020 | P5: USD | Q5: ORIGIN_ALL_IN | R5: =IF(OR(L5="",M5=""),"",M5-L5) -> 4 | S5: =IFERROR((O5-N5)/N5,"") -> 0.042774566 | T5: BKG-MOCK-250904 | U5: MBL-MOCK-250904 | V5: MCKU0000047 | W5: 870899 | X5: 2일 출항 지연
A6: HIST-2026-001 | B6: SYNTHETIC | C6: KRPUS | D6: NLRTM | E6: 40HC | F6: 1 | G6: DRY | H6: CIF | I6: 46034 | J6: 46046 | K6: 46046 | L6: 46077 | M6: 46078 | N6: 4100 | O6: 4220 | P6: USD | Q6: ORIGIN_ALL_IN | R6: =IF(OR(L6="",M6=""),"",M6-L6) -> 1 | S6: =IFERROR((O6-N6)/N6,"") -> 0.029268293 | T6: BKG-MOCK-260901 | U6: MBL-MOCK-260901 | V6: MCKU0000052 | W6: 848390 | X6: 가상 과거 실적
A7: HIST-2026-002 | B7: SYNTHETIC | C7: KRPUS | D7: SGSIN | E7: 40GP | F7: 1 | G7: DRY | H7: CPT | I7: 46071 | J7: 46078 | K7: 46078 | L7: 46090 | M7: 46091 | N7: 1110 | O7: 1145 | P7: USD | Q7: ORIGIN_ALL_IN | R7: =IF(OR(L7="",M7=""),"",M7-L7) -> 1 | S7: =IFERROR((O7-N7)/N7,"") -> 0.031531532 | T7: BKG-MOCK-260902 | U7: MBL-MOCK-260902 | V7: MCKU0000068 | W7: 870899 | X7: 가상 과거 실적
A8: HIST-2026-003 | B8: SYNTHETIC | C8: KRPUS | D8: USLGB | E8: 40HC | F8: 1 | G8: DRY | H8: CFR | I8: 46113 | J8: 46124 | K8: 46126 | L8: 46145 | M8: 46150 | N8: 5100 | O8: 5480 | P8: USD | Q8: ORIGIN_ALL_IN | R8: =IF(OR(L8="",M8=""),"",M8-L8) -> 5 | S8: =IFERROR((O8-N8)/N8,"") -> 0.074509804 | T8: BKG-MOCK-260903 | U8: MBL-MOCK-260903 | V8: MCKU0000073 | W8: 870899 | X8: 실제 지연·비용 초과 예시
A9: HIST-2026-004 | B9: SYNTHETIC | C9: KRPUS | D9: AEAUH | E9: 40HC | F9: 1 | G9: DRY | H9: DAP | I9: 46152 | J9: 46165 | K9: 46165 | L9: 46192 | M9: 46194 | N9: 6900 | O9: 7040 | P9: USD | Q9: DOOR_TO_DOOR | R9: =IF(OR(L9="",M9=""),"",M9-L9) -> 2 | S9: =IFERROR((O9-N9)/N9,"") -> 0.020289855 | T9: BKG-MOCK-260904 | U9: MBL-MOCK-260904 | V9: MCKU0000089 | W9: 848390 | X9: 가상 과거 실적

Sheet 시장스냅샷
A1: observation_id | B1: data_provenance | C1: observed_date | D1: published_at | E1: route_code | F1: route_name | G1: value | H1: unit | I1: source_url | J1: coverage_note
A2: KCCI-20260706 | B2: MARKET_OBSERVED | C2: 46209 | D2: 46209 | E2: KCCI | F2: Composite Index | G2: 4330 | H2: PT | I2: https://www.kobc.or.kr/ebz/shippinginfo/kcci/gridList.do?mId=0304000000 | J2: 종합지수는 포인트이며 개별 견적 달러값이 아님
A3: KUWI-20260706 | B3: MARKET_OBSERVED | C3: 46209 | D3: 46209 | E3: KUWI | F3: USWC | G3: 6922 | H3: USD/FEU | I3: https://www.kobc.or.kr/ebz/shippinginfo/kcci/gridList.do?mId=0304000000 | J3: 부산발 40ft Dry Spot
A4: KUEI-20260706 | B4: MARKET_OBSERVED | C4: 46209 | D4: 46209 | E4: KUEI | F4: USEC | G4: 8421 | H4: USD/FEU | I4: https://www.kobc.or.kr/ebz/shippinginfo/kcci/gridList.do?mId=0304000000 | J4: 부산발 40ft Dry Spot
A5: KNEI-20260706 | B5: MARKET_OBSERVED | C5: 46209 | D5: 46209 | E5: KNEI | F5: Europe | G5: 5332 | H5: USD/FEU | I5: https://www.kobc.or.kr/ebz/shippinginfo/kcci/gridList.do?mId=0304000000 | J5: 부산발 40ft Dry Spot
A6: KMDI-20260706 | B6: MARKET_OBSERVED | C6: 46209 | D6: 46209 | E6: KMDI | F6: Mediterranean | G6: 6468 | H6: USD/FEU | I6: https://www.kobc.or.kr/ebz/shippinginfo/kcci/gridList.do?mId=0304000000 | J6: 부산발 40ft Dry Spot
A7: KMEI-20260706 | B7: MARKET_OBSERVED | C7: 46209 | D7: 46209 | E7: KMEI | F7: Middle East | G7: 7164 | H7: USD/FEU | I7: https://www.kobc.or.kr/ebz/shippinginfo/kcci/gridList.do?mId=0304000000 | J7: 부산발 40ft Dry Spot
A8: KAUI-20260706 | B8: MARKET_OBSERVED | C8: 46209 | D8: 46209 | E8: KAUI | F8: Australia | G8: 3574 | H8: USD/FEU | I8: https://www.kobc.or.kr/ebz/shippinginfo/kcci/gridList.do?mId=0304000000 | J8: 부산발 40ft Dry Spot
A9: KLEI-20260706 | B9: MARKET_OBSERVED | C9: 46209 | D9: 46209 | E9: KLEI | F9: Latin America East | G9: 7854 | H9: USD/FEU | I9: https://www.kobc.or.kr/ebz/shippinginfo/kcci/gridList.do?mId=0304000000 | J9: 부산발 40ft Dry Spot
A10: KLWI-20260706 | B10: MARKET_OBSERVED | C10: 46209 | D10: 46209 | E10: KLWI | F10: Latin America West | G10: 5851 | H10: USD/FEU | I10: https://www.kobc.or.kr/ebz/shippinginfo/kcci/gridList.do?mId=0304000000 | J10: 부산발 40ft Dry Spot
A11: KSAI-20260706 | B11: MARKET_OBSERVED | C11: 46209 | D11: 46209 | E11: KSAI | F11: South Africa | G11: 3602 | H11: USD/FEU | I11: https://www.kobc.or.kr/ebz/shippinginfo/kcci/gridList.do?mId=0304000000 | J11: 부산발 40ft Dry Spot
A12: KWAI-20260706 | B12: MARKET_OBSERVED | C12: 46209 | D12: 46209 | E12: KWAI | F12: West Africa | G12: 5419 | H12: USD/FEU | I12: https://www.kobc.or.kr/ebz/shippinginfo/kcci/gridList.do?mId=0304000000 | J12: 부산발 40ft Dry Spot
A13: KCI-20260706 | B13: MARKET_OBSERVED | C13: 46209 | D13: 46209 | E13: KCI | F13: China | G13: 57 | H13: USD/FEU | I13: https://www.kobc.or.kr/ebz/shippinginfo/kcci/gridList.do?mId=0304000000 | J13: 공식 페이지 단위 표기 기준
... A15: KSEI-20260706 | B15: MARKET_OBSERVED | C15: 46209 | D15: 46209 | E15: KSEI | F15: South East Asia | G15: 1125 | H15: USD/FEU | I15: https://www.kobc.or.kr/ebz/shippinginfo/kcci/gridList.do?mId=0304000000 | J15: 부산발 40ft Dry Spot

Sheet 검증요약
A1: PortPulse 입력 데이터 검증요약
A4: 검증항목 | B4: 값 | D4: Rule ID | E4: 검증 규칙 | F4: 오류 수준
A5: 선적계획 건수 | B5: =COUNTA(선적계획!$A$2:$A$100) -> 8 | D5: SHP-01 | E5: 선적 필수값·부킹 통제자·Incoterms named place 확인 | F5: BLOCKING
A6: 선적 BLOCKING | B6: =COUNTIF(선적계획!$AC$2:$AC$100,"BLOCKING") -> 0 | D6: SHP-02 | E6: FCL은 장비·컨테이너 수, LCL은 포장·중량·CBM 필요 | F6: BLOCKING
A7: 선적 WARNING | B7: =COUNTIF(선적계획!$AC$2:$AC$100,"WARNING") -> 4 | D7: SHP-03 | E7: Cargo Ready가 ETD Window End보다 늦지 않아야 함 | F7: BLOCKING
A8: KCCI DIRECT 건수 | B8: =COUNTIF(선적계획!$AE$2:$AE$100,"DIRECT") -> 4 | D8: CMP-01 | E8: 부산발 40ft Dry FCL + SELLER 부킹 + Route Mapping | F8: DIRECT 아니면 WARNING
A9: 견적 건수 | B9: =COUNTA(견적헤더!$A$2:$A$100) -> 12 | D9: QTE-01 | E9: 견적 Header Total = Charge Line Total | F9: BLOCKING
A10: 견적 BLOCKING | B10: =COUNTIF(견적헤더!$AE$2:$AE$100,"BLOCKING") -> 0 | D10: QTE-02 | E10: 견적 유효기간 만료 | F10: WARNING
A11: 견적 WARNING | B11: =COUNTIF(견적헤더!$AE$2:$AE$100,"WARNING") -> 4 | D11: CST-01 | E11: 금액·수량 음수 또는 0 | F11: BLOCKING
A12: 비용라인 BLOCKING | B12: =COUNTIF(견적비용!$O$2:$O$200,"BLOCKING") -> 0 | D12: SRC-01 | E12: 시장 관측과 합성 데이터를 provenance로 구분 | F12: INFO
A14: 현재 판단 | B14: 수식 결과 | C14: 의미 | D14: 다음 조치 | E14: 데이터 기준 | F14: 주의
A15: 업로드 가능 여부 | B15: =IF(SUM(B6,B10,B12)=0,"PASS","FAIL") -> PASS | C15: BLOCKING이 0이면 구조상 업로드 가능 | D15: WARNING은 비교범위 제한을 확인 | E15: 2026-07-12 | F15: 실거래 사용 금지
A16: KCCI Snapshot | B16: 4330 | C16: 2026-07-06 종합지수 | D16: 항로별 Rate를 사용 | E16: KOBC | F16: 종합지수는 달러 운임이 아님
A17: 목업 상태 | B17: SYNTHETIC | C17: 회사·견적·이력 모두 합성 | D17: 실제 데이터와 혼합 금지 | E17: 고정 Seed | F17: 모델 정확도 주장 금지
A18: 시장 상태 | B18: MARKET_OBSERVED | C18: 시장스냅샷만 실제 관측 | D18: source_url·observed_date 유지 | E18: 2026-07-06 | F18: 사용·재배포 조건 확인
